user_name,password,first_name,middle_name,last_name,email_address,phone,address,city,state,zip_code,country,created_at,updated_at
brett1,$2a$10$jwM91lC2Uw3GIn8j9uV5oOEmV6NBcy23G1DxN87quuPN/iivy2.w2,Brett,A,Meyer,bmeyer@xpanxion.com,6417778567,319 Beedle Dr,Ames,IA,50014,United States,2016-07-28 12:27:00,2016-07-28 12:27:01
brett2,$2a$10$jwM91lC2Uw3GIn8j9uV5oOEmV6NBcy23G1DxN87quuPN/iivy2.w2,Brett,A,Meyer,bmeyer@xpanxion.com,6417778567,319 Beedle Dr,Ames,IA,50014,United States,2016-07-28 12:27:00,2016-07-28 12:27:01
brett3,$2a$10$jwM91lC2Uw3GIn8j9uV5oOEmV6NBcy23G1DxN87quuPN/iivy2.w2,Brett,A,Meyer,bmeyer@xpanxion.com,6417778567,319 Beedle Dr,Ames,IA,50014,United States,2016-07-28 12:27:00,2016-07-28 12:27:01
brett4,$2a$10$jwM91lC2Uw3GIn8j9uV5oOEmV6NBcy23G1DxN87quuPN/iivy2.w2,Brett,A,Meyer,bmeyer@xpanxion.com,6417778567,319 Beedle Dr,Ames,IA,50014,United States,2016-07-28 12:27:00,2016-07-28 12:27:01
brett5,$2a$10$jwM91lC2Uw3GIn8j9uV5oOEmV6NBcy23G1DxN87quuPN/iivy2.w2,Brett,A,Meyer,bmeyer@xpanxion.com,6417778567,319 Beedle Dr,Ames,IA,50014,United States,2016-07-28 12:27:00,2016-07-28 12:27:01
brett6,$2a$10$jwM91lC2Uw3GIn8j9uV5oOEmV6NBcy23G1DxN87quuPN/iivy2.w2,Matt,A,Meyer,bmeyer@xpanxion.com,6417778567,319 Beedle Dr,Ames,IA,50014,United States,2016-07-28 12:27:00,2016-07-28 12:27:01
brett7,$2a$10$jwM91lC2Uw3GIn8j9uV5oOEmV6NBcy23G1DxN87quuPN/iivy2.w2,Brett,A,Meijer,bmeyer@xpanxion.com,6417778567,319 Beedle Dr,Ames,IA,50014,United States,2016-07-28 12:27:00,2016-07-28 12:27:01
brett8,$2a$10$jwM91lC2Uw3GIn8j9uV5oOEmV6NBcy23G1DxN87quuPN/iivy2.w2,Brett,A,Meyer,bmeyer@xpanxion.com,6417778567,319 Beedle Dr,Ames,IA,50014,United States,2016-07-28 12:27:00,2016-07-28 12:27:01
brett9,$2a$10$jwM91lC2Uw3GIn8j9uV5oOEmV6NBcy23G1DxN87quuPN/iivy2.w2,Brett,A,Meyer,bmeyer@xpanxion.com,6417778567,319 Beedle Dr,Ames,IA,50014,United States,2016-07-28 12:27:00,2016-07-28 12:27:01
brett10,$2a$10$jwM91lC2Uw3GIn8j9uV5oOEmV6NBcy23G1DxN87quuPN/iivy2.w2,Brett,A,Meyer,bmeyer@xpanxion.com,6417778567,319 Beedle Dr,Ames,IA,50014,United States,2016-07-28 12:27:00,2016-07-28 12:27:01
